{
  "tag": "C",
  "path": "s3://lance-benchmark-<ACCOUNT_ID>-ap-northeast-1/read-bench/20260429-133705/dataset",
  "version": 5005,
  "open": {
    "mean_ms": 81.3207250990672,
    "p50_ms": 81.2597260082839,
    "p99_ms": 97.83402399625629,
    "min_ms": 70.62748397584073,
    "max_ms": 97.83402399625629,
    "samples": [
      97.83,
      77.58,
      79.27,
      73.46,
      70.63,
      81.46,
      81.06,
      84.27,
      83.43,
      84.22
    ]
  },
  "total_rows": 10000000,
  "fragments": 100,
  "version_actual": 5005,
  "full_scan": {
    "mean_ms": 791.0152297990862,
    "p50_ms": 765.2829519938678,
    "p99_ms": 891.1110539920628,
    "min_ms": 755.7004760019481,
    "max_ms": 891.1110539920628,
    "samples": [
      891.11,
      783.18,
      759.8,
      755.7,
      765.28
    ],
    "rows_read": 10000000,
    "bytes_read": 1000000000,
    "throughput_mbps": 1264.1981624727944
  },
  "col_scan": {
    "mean_ms": 165.1151562051382,
    "p50_ms": 111.70681301155128,
    "p99_ms": 267.3067150171846,
    "min_ms": 94.67404099996202,
    "max_ms": 267.3067150171846,
    "samples": [
      267.31,
      256.99,
      94.89,
      111.71,
      94.67
    ],
    "rows_read": 10000000,
    "bytes_read": 80000000,
    "throughput_mbps": 484.5103371407554
  },
  "point_query": {
    "mean_ms": 485.284991201479,
    "p50_ms": 493.4216359979473,
    "p99_ms": 498.96256800275296,
    "min_ms": 470.0510170077905,
    "max_ms": 498.96256800275296,
    "samples": [
      498.96,
      493.42,
      470.05,
      493.68,
      470.31
    ],
    "n_per_call": 1000
  },
  "range_query": {
    "mean_ms": 2501.001260660511,
    "p50_ms": 2336.042835988337,
    "p99_ms": 2884.958241978893,
    "min_ms": 2282.002704014303,
    "max_ms": 2884.958241978893,
    "samples": [
      2282.0,
      2884.96,
      2336.04
    ],
    "n_ranges_per_call": 10,
    "range_size": 10000
  },
  "count_rows": {
    "mean_ms": 0.0799657020252198,
    "p50_ms": 0.07060900679789484,
    "p99_ms": 0.14750499394722283,
    "min_ms": 0.06838800618425012,
    "max_ms": 0.14750499394722283,
    "samples": [
      0.15,
      0.08,
      0.07,
      0.08,
      0.07,
      0.07,
      0.07,
      0.07,
      0.08,
      0.07
    ]
  }
}