{
  "tag": "A",
  "path": "s3://lance-benchmark-<ACCOUNT_ID>-ap-northeast-1/read-bench/20260429-133705/dataset",
  "version": 5009,
  "open": {
    "mean_ms": 82.7124665986048,
    "p50_ms": 80.30267650610767,
    "p99_ms": 99.98948298743926,
    "min_ms": 73.3933899900876,
    "max_ms": 99.98948298743926,
    "samples": [
      98.3,
      81.32,
      74.54,
      99.99,
      84.44,
      75.25,
      79.28,
      73.39,
      79.06,
      81.55
    ]
  },
  "total_rows": 10000000,
  "fragments": 1,
  "version_actual": 5009,
  "full_scan": {
    "mean_ms": 845.43673680746,
    "p50_ms": 803.8891080068424,
    "p99_ms": 1054.9570880248211,
    "min_ms": 765.6220619974192,
    "max_ms": 1054.9570880248211,
    "samples": [
      1054.96,
      765.62,
      809.61,
      803.89,
      793.11
    ],
    "rows_read": 10000000,
    "bytes_read": 1000000000,
    "throughput_mbps": 1182.8206138477044
  },
  "col_scan": {
    "mean_ms": 142.25582959479652,
    "p50_ms": 136.0646179819014,
    "p99_ms": 192.20442898222245,
    "min_ms": 116.0920140100643,
    "max_ms": 192.20442898222245,
    "samples": [
      192.2,
      142.33,
      136.06,
      124.58,
      116.09
    ],
    "rows_read": 10000000,
    "bytes_read": 80000000,
    "throughput_mbps": 562.3671116176617
  },
  "point_query": {
    "mean_ms": 944.3680965923704,
    "p50_ms": 949.5374789985362,
    "p99_ms": 965.0296549953055,
    "min_ms": 923.1587769754697,
    "max_ms": 965.0296549953055,
    "samples": [
      958.64,
      965.03,
      923.16,
      949.54,
      925.48
    ],
    "n_per_call": 1000
  },
  "range_query": {
    "mean_ms": 2291.1257473460864,
    "p50_ms": 2307.678671000758,
    "p99_ms": 2362.4604120268486,
    "min_ms": 2203.2381590106525,
    "max_ms": 2362.4604120268486,
    "samples": [
      2203.24,
      2307.68,
      2362.46
    ],
    "n_ranges_per_call": 10,
    "range_size": 10000
  },
  "count_rows": {
    "mean_ms": 0.011447101132944226,
    "p50_ms": 0.0028725044103339314,
    "p99_ms": 0.08484401041641831,
    "min_ms": 0.00274099875241518,
    "max_ms": 0.08484401041641831,
    "samples": [
      0.08,
      0.01,
      0.0,
      0.0,
      0.0,
      0.0,
      0.0,
      0.0,
      0.0,
      0.0
    ]
  }
}