{
  "tag": "B",
  "path": "s3://lance-benchmark-<ACCOUNT_ID>-ap-northeast-1/read-bench/20260429-133705/dataset",
  "version": 5007,
  "open": {
    "mean_ms": 76.13610709668137,
    "p50_ms": 77.74402150243986,
    "p99_ms": 84.83025399618782,
    "min_ms": 57.92146798921749,
    "max_ms": 84.83025399618782,
    "samples": [
      83.17,
      77.58,
      77.91,
      74.44,
      57.92,
      63.83,
      75.89,
      84.12,
      81.66,
      84.83
    ]
  },
  "total_rows": 10000000,
  "fragments": 10,
  "version_actual": 5007,
  "full_scan": {
    "mean_ms": 793.6228528036736,
    "p50_ms": 760.0926739978604,
    "p99_ms": 915.769742015982,
    "min_ms": 755.8958080189768,
    "max_ms": 915.769742015982,
    "samples": [
      915.77,
      760.09,
      778.58,
      757.78,
      755.9
    ],
    "rows_read": 10000000,
    "bytes_read": 1000000000,
    "throughput_mbps": 1260.0443604506181
  },
  "col_scan": {
    "mean_ms": 150.65945539972745,
    "p50_ms": 147.41753099951893,
    "p99_ms": 188.6199949949514,
    "min_ms": 114.79789900477044,
    "max_ms": 188.6199949949514,
    "samples": [
      181.93,
      147.42,
      188.62,
      120.54,
      114.8
    ],
    "rows_read": 10000000,
    "bytes_read": 80000000,
    "throughput_mbps": 530.9988662028891
  },
  "point_query": {
    "mean_ms": 492.96656920341775,
    "p50_ms": 488.9652730198577,
    "p99_ms": 531.0737279942259,
    "min_ms": 467.50854901620187,
    "max_ms": 531.0737279942259,
    "samples": [
      531.07,
      488.14,
      467.51,
      488.97,
      489.15
    ],
    "n_per_call": 1000
  },
  "range_query": {
    "mean_ms": 1951.6162093301925,
    "p50_ms": 1894.441900018137,
    "p99_ms": 2074.1264229873195,
    "min_ms": 1886.280304985121,
    "max_ms": 2074.1264229873195,
    "samples": [
      2074.13,
      1886.28,
      1894.44
    ],
    "n_ranges_per_call": 10,
    "range_size": 10000
  },
  "count_rows": {
    "mean_ms": 0.013902306091040373,
    "p50_ms": 0.008169998181983829,
    "p99_ms": 0.05910801701247692,
    "min_ms": 0.007655005902051926,
    "max_ms": 0.05910801701247692,
    "samples": [
      0.06,
      0.01,
      0.01,
      0.01,
      0.01,
      0.01,
      0.01,
      0.01,
      0.01,
      0.01
    ]
  }
}