{
  "tag": "E",
  "path": "s3://lance-benchmark-<ACCOUNT_ID>-ap-northeast-1/read-bench/20260429-133705/dataset",
  "version": 5001,
  "open": {
    "mean_ms": 130.09307890606578,
    "p50_ms": 133.45381800900213,
    "p99_ms": 146.3996880047489,
    "min_ms": 108.84356402675621,
    "max_ms": 146.3996880047489,
    "samples": [
      135.48,
      131.43,
      125.15,
      146.4,
      115.25,
      139.21,
      115.78,
      108.84,
      137.69,
      145.69
    ]
  },
  "total_rows": 10000000,
  "fragments": 5000,
  "version_actual": 5001,
  "full_scan": {
    "mean_ms": 8462.854230997618,
    "p50_ms": 8003.262687998358,
    "p99_ms": 10346.304564009188,
    "min_ms": 7967.2525729984045,
    "max_ms": 10346.304564009188,
    "samples": [
      10346.3,
      8003.26,
      8022.84,
      7974.61,
      7967.25
    ],
    "rows_read": 10000000,
    "bytes_read": 1000000000,
    "throughput_mbps": 118.16344376312365
  },
  "col_scan": {
    "mean_ms": 2126.304860599339,
    "p50_ms": 2081.4417079964187,
    "p99_ms": 2277.7779730095062,
    "min_ms": 2055.149903986603,
    "max_ms": 2277.7779730095062,
    "samples": [
      2081.44,
      2055.15,
      2068.25,
      2277.78,
      2148.91
    ],
    "rows_read": 10000000,
    "bytes_read": 80000000,
    "throughput_mbps": 37.62395575649039
  },
  "point_query": {
    "mean_ms": 968.3353934029583,
    "p50_ms": 938.2714780222159,
    "p99_ms": 1067.795761016896,
    "min_ms": 926.0287929791957,
    "max_ms": 1067.795761016896,
    "samples": [
      928.52,
      981.06,
      938.27,
      1067.8,
      926.03
    ],
    "n_per_call": 1000
  },
  "range_query": {
    "mean_ms": 40539.19525799574,
    "p50_ms": 40541.85828199843,
    "p99_ms": 40724.35464299633,
    "min_ms": 40351.37284899247,
    "max_ms": 40724.35464299633,
    "samples": [
      40351.37,
      40541.86,
      40724.35
    ],
    "n_ranges_per_call": 10,
    "range_size": 10000
  },
  "count_rows": {
    "mean_ms": 3.4493102983105928,
    "p50_ms": 3.426457507885061,
    "p99_ms": 3.841947007458657,
    "min_ms": 3.3177970035467297,
    "max_ms": 3.841947007458657,
    "samples": [
      3.84,
      3.44,
      3.43,
      3.48,
      3.39,
      3.43,
      3.4,
      3.32,
      3.33,
      3.43
    ]
  }
}