{
  "tag": "D",
  "path": "s3://lance-benchmark-<ACCOUNT_ID>-ap-northeast-1/read-bench/20260429-133705/dataset",
  "version": 5003,
  "open": {
    "mean_ms": 117.45886109420098,
    "p50_ms": 118.99361948599108,
    "p99_ms": 141.47735899314284,
    "min_ms": 90.48754899413325,
    "max_ms": 141.47735899314284,
    "samples": [
      130.21,
      102.03,
      90.49,
      122.46,
      113.74,
      141.48,
      124.3,
      97.14,
      115.52,
      137.23
    ]
  },
  "total_rows": 10000000,
  "fragments": 1000,
  "version_actual": 5003,
  "full_scan": {
    "mean_ms": 1904.3600130011328,
    "p50_ms": 1723.349801992299,
    "p99_ms": 2557.782324991422,
    "min_ms": 1696.02140202187,
    "max_ms": 2557.782324991422,
    "samples": [
      2557.78,
      1723.35,
      1821.33,
      1696.02,
      1723.31
    ],
    "rows_read": 10000000,
    "bytes_read": 1000000000,
    "throughput_mbps": 525.110794793508
  },
  "col_scan": {
    "mean_ms": 443.55375259765424,
    "p50_ms": 437.6395830186084,
    "p99_ms": 475.5362489959225,
    "min_ms": 427.60518298018724,
    "max_ms": 475.5362489959225,
    "samples": [
      475.54,
      437.64,
      428.37,
      427.61,
      448.62
    ],
    "rows_read": 10000000,
    "bytes_read": 80000000,
    "throughput_mbps": 180.36145457339342
  },
  "point_query": {
    "mean_ms": 721.0916074051056,
    "p50_ms": 718.0757859896403,
    "p99_ms": 786.9428830163088,
    "min_ms": 674.1504980018362,
    "max_ms": 786.9428830163088,
    "samples": [
      786.94,
      708.12,
      674.15,
      718.17,
      718.08
    ],
    "n_per_call": 1000
  },
  "range_query": {
    "mean_ms": 8975.322026992217,
    "p50_ms": 8968.016153987264,
    "p99_ms": 9046.467720007058,
    "min_ms": 8911.482206982328,
    "max_ms": 9046.467720007058,
    "samples": [
      8911.48,
      8968.02,
      9046.47
    ],
    "n_ranges_per_call": 10,
    "range_size": 10000
  },
  "count_rows": {
    "mean_ms": 0.6956369004910812,
    "p50_ms": 0.6735805072821677,
    "p99_ms": 0.8888699812814593,
    "min_ms": 0.6553810089826584,
    "max_ms": 0.8888699812814593,
    "samples": [
      0.89,
      0.68,
      0.69,
      0.66,
      0.7,
      0.66,
      0.67,
      0.68,
      0.67,
      0.66
    ]
  }
}