{
  "tag": "smoke",
  "path": "s3://lance-benchmark-<ACCOUNT_ID>-ap-northeast-1/read-bench/20260429-133705/smoke",
  "version": null,
  "open": {
    "mean_ms": 90.32092769630253,
    "p50_ms": 84.82170700153802,
    "p99_ms": 120.02363699139096,
    "min_ms": 82.71441300166771,
    "max_ms": 120.02363699139096,
    "samples": [
      120.02,
      82.71,
      82.79,
      84.05,
      85.59,
      83.32,
      83.45,
      93.05,
      91.33,
      96.88
    ]
  },
  "total_rows": 100000,
  "fragments": 100,
  "version_actual": 101,
  "full_scan": {
    "mean_ms": 226.6645849973429,
    "p50_ms": 194.4128759787418,
    "p99_ms": 366.8726850009989,
    "min_ms": 185.64350201631896,
    "max_ms": 366.8726850009989,
    "samples": [
      366.87,
      197.9,
      185.64,
      188.5,
      194.41
    ],
    "rows_read": 100000,
    "bytes_read": 10000000,
    "throughput_mbps": 44.11805223174686
  },
  "col_scan": {
    "mean_ms": 59.053247794508934,
    "p50_ms": 59.22216098406352,
    "p99_ms": 59.672500006854534,
    "min_ms": 58.2873509847559,
    "max_ms": 59.672500006854534,
    "samples": [
      59.67,
      59.33,
      59.22,
      58.75,
      58.29
    ],
    "rows_read": 100000,
    "bytes_read": 800000,
    "throughput_mbps": 13.547095712395144
  },
  "point_query": {
    "mean_ms": 156.02593320072629,
    "p50_ms": 160.68690901738591,
    "p99_ms": 180.96585301100276,
    "min_ms": 123.77549899974838,
    "max_ms": 180.96585301100276,
    "samples": [
      180.97,
      123.78,
      171.39,
      143.31,
      160.69
    ],
    "n_per_call": 1000
  },
  "range_query": {
    "mean_ms": 1693.6518296715803,
    "p50_ms": 1674.5494409988169,
    "p99_ms": 1765.7903030049056,
    "min_ms": 1640.6157450110186,
    "max_ms": 1765.7903030049056,
    "samples": [
      1674.55,
      1765.79,
      1640.62
    ],
    "n_ranges_per_call": 10,
    "range_size": 10000
  },
  "count_rows": {
    "mean_ms": 0.07982630340848118,
    "p50_ms": 0.06928050424903631,
    "p99_ms": 0.15002198051661253,
    "min_ms": 0.06817001849412918,
    "max_ms": 0.15002198051661253,
    "samples": [
      0.15,
      0.08,
      0.08,
      0.08,
      0.07,
      0.07,
      0.07,
      0.07,
      0.07,
      0.07
    ]
  }
}