{
  "tag": "E",
  "path": "s3://lance-benchmark-<ACCOUNT_ID>-ap-northeast-1/read-bench/20260429-133705/dataset",
  "version": "5001",
  "load_ms": 1019.8688507080078,
  "count": {
    "total_rows": 10000000,
    "iterations_ms": [
      10974.60126876831,
      2285.4654788970947,
      2285.517454147339
    ],
    "mean_ms": 5181.861400604248,
    "p50_ms": 2285.517454147339
  },
  "aggregate": {
    "iterations_ms": [
      3291.2375926971436,
      2607.0446968078613,
      2240.534543991089
    ],
    "mean_ms": 2712.9389444986978,
    "p50_ms": 2607.0446968078613
  }
}