{
  "tag": "E",
  "path": "s3://lance-benchmark-<ACCOUNT_ID>-ap-northeast-1/read-bench/20260429-133705/dataset",
  "version": "5001",
  "full_read": {
    "mean_ms": 6444.356520970662,
    "p50_ms": 6253.731489181519,
    "samples_ms": [
      8061.711072921753,
      5017.627000808716,
      6253.731489181519
    ],
    "total_payload_bytes": 800000000
  },
  "range_filter": {
    "mean_ms": 1944.5810317993164,
    "p50_ms": 2319.9448585510254,
    "samples_ms": [
      2372.833251953125,
      1140.9649848937988,
      2319.9448585510254
    ]
  }
}