{
  "tag": "A",
  "path": "s3://lance-benchmark-<ACCOUNT_ID>-ap-northeast-1/read-bench/20260429-133705/dataset",
  "version": "5009",
  "full_read": {
    "mean_ms": 7377.122084299724,
    "p50_ms": 6442.787885665894,
    "samples_ms": [
      9699.312448501587,
      5989.265918731689,
      6442.787885665894
    ],
    "total_payload_bytes": 800000000
  },
  "range_filter": {
    "mean_ms": 1744.4722652435303,
    "p50_ms": 1313.8737678527832,
    "samples_ms": [
      2722.0418453216553,
      1313.8737678527832,
      1197.5011825561523
    ]
  }
}