{
  "tag": "A",
  "path": "s3://lance-benchmark-<ACCOUNT_ID>-ap-northeast-1/read-bench/20260429-133705/dataset",
  "version": "5009",
  "load_ms": 1045.4630851745605,
  "count": {
    "total_rows": 10000000,
    "iterations_ms": [
      11558.292388916016,
      2169.7638034820557,
      1637.721061706543
    ],
    "mean_ms": 5121.925751368205,
    "p50_ms": 2169.7638034820557
  },
  "aggregate": {
    "iterations_ms": [
      3327.054262161255,
      3052.8719425201416,
      2510.453701019287
    ],
    "mean_ms": 2963.4599685668945,
    "p50_ms": 3052.8719425201416
  }
}