{
  "pylance_version": "4.0.1",
  "pyarrow_version": "20.0.0",
  "n_rows": 3000000,
  "results": {
    "lance_v2_0": {
      "median_ms": 22.744856018107384,
      "mean_ms": 22.641458199359477,
      "min_ms": 21.931483992375433,
      "max_ms": 23.30558397807181,
      "stdev_ms": 0.5472921040235478,
      "runs_ms": [
        22.27,
        21.93,
        22.96,
        22.74,
        23.31
      ],
      "rows_returned": 49740,
      "write_seconds": 0.363,
      "size_mb": 60.01
    },
    "lance_v2_1": {
      "median_ms": 27.084690984338522,
      "mean_ms": 27.404277410823852,
      "min_ms": 26.64669102523476,
      "max_ms": 28.84096500929445,
      "stdev_ms": 0.8567774939705909,
      "runs_ms": [
        27.08,
        26.65,
        26.97,
        27.48,
        28.84
      ],
      "rows_returned": 49740,
      "write_seconds": 0.069,
      "size_mb": 53.58
    },
    "parquet_snappy": {
      "median_ms": 10.893260012380779,
      "mean_ms": 11.321361607406288,
      "min_ms": 10.159786033909768,
      "max_ms": 12.603117967955768,
      "stdev_ms": 1.1059678022025792,
      "runs_ms": [
        12.6,
        10.56,
        12.39,
        10.16,
        10.89
      ],
      "rows_returned": 49740,
      "write_seconds": 0.31,
      "size_mb": 55.71
    },
    "parquet_zstd": {
      "median_ms": 22.09527901140973,
      "mean_ms": 22.133410815149546,
      "min_ms": 22.085634991526604,
      "max_ms": 22.28719904087484,
      "stdev_ms": 0.086492602794586,
      "runs_ms": [
        22.29,
        22.11,
        22.09,
        22.09,
        22.1
      ],
      "rows_returned": 49740,
      "write_seconds": 0.362,
      "size_mb": 52.85
    },
    "feather_v2": {
      "median_ms": 9.980233968235552,
      "mean_ms": 10.481299995444715,
      "min_ms": 9.38238704111427,
      "max_ms": 12.938202999066561,
      "stdev_ms": 1.419389083249424,
      "runs_ms": [
        9.98,
        9.74,
        12.94,
        10.37,
        9.38
      ],
      "rows_returned": 49740,
      "write_seconds": 0.022,
      "size_mb": 78.02
    }
  }
}