{
  "pylance_version": "4.0.1",
  "version_counts": [
    10,
    100,
    500,
    1000,
    3000
  ],
  "results": {
    "10": {
      "manifest_files": 10,
      "open": {
        "median_ms": 0.33841151162050664,
        "mean_ms": 0.347208499442786,
        "min_ms": 0.30557700665667653,
        "max_ms": 0.40405202889814973,
        "stdev_ms": 0.028528261071648138
      },
      "open_and_count": {
        "median_ms": 0.380508485250175,
        "mean_ms": 0.38162910495884717,
        "min_ms": 0.33102300949394703,
        "max_ms": 0.4423480131663382,
        "stdev_ms": 0.028896111864511957
      },
      "list_versions": {
        "median_ms": 0.7978740031830966,
        "mean_ms": 0.810626894235611,
        "min_ms": 0.7387229707092047,
        "max_ms": 0.952518021222204,
        "stdev_ms": 0.06224773382016963
      },
      "append": {
        "median_ms": 1.3289219932630658,
        "mean_ms": 1.3106580125167966,
        "min_ms": 1.264558988623321,
        "max_ms": 1.3460610061883926,
        "stdev_ms": 0.04100006248101579
      },
      "build_seconds": 0.01
    },
    "100": {
      "manifest_files": 100,
      "open": {
        "median_ms": 0.39984050090424716,
        "mean_ms": 0.3993313992395997,
        "min_ms": 0.38177199894562364,
        "max_ms": 0.41842396603897214,
        "stdev_ms": 0.011466312557541502
      },
      "open_and_count": {
        "median_ms": 0.5095250089652836,
        "mean_ms": 0.5082865071017295,
        "min_ms": 0.4874389851465821,
        "max_ms": 0.5268370150588453,
        "stdev_ms": 0.013441492080009805
      },
      "list_versions": {
        "median_ms": 5.460372980451211,
        "mean_ms": 5.4787712811958045,
        "min_ms": 5.352532025426626,
        "max_ms": 5.679444002453238,
        "stdev_ms": 0.102821875039483
      },
      "append": {
        "median_ms": 2.0917949732393026,
        "mean_ms": 2.1004433976486325,
        "min_ms": 2.065298962406814,
        "max_ms": 2.1466269972734153,
        "stdev_ms": 0.031420953423127056
      },
      "build_seconds": 0.1
    },
    "500": {
      "manifest_files": 500,
      "open": {
        "median_ms": 0.6760340183973312,
        "mean_ms": 0.6789716193452477,
        "min_ms": 0.6529639940708876,
        "max_ms": 0.7038710173219442,
        "stdev_ms": 0.016730369487096747
      },
      "open_and_count": {
        "median_ms": 1.0516935144551098,
        "mean_ms": 1.0569800972007215,
        "min_ms": 1.0384310153312981,
        "max_ms": 1.105759001802653,
        "stdev_ms": 0.020125842061996014
      },
      "list_versions": {
        "median_ms": 61.298844491830096,
        "mean_ms": 61.23412860906683,
        "min_ms": 60.2308030356653,
        "max_ms": 61.8870269972831,
        "stdev_ms": 0.563760421044665
      },
      "append": {
        "median_ms": 5.199409031774849,
        "mean_ms": 5.234627425670624,
        "min_ms": 5.183247034437954,
        "max_ms": 5.3536780178546906,
        "stdev_ms": 0.0724745671361595
      },
      "build_seconds": 1.32
    },
    "1000": {
      "manifest_files": 1000,
      "open": {
        "median_ms": 1.0163974948227406,
        "mean_ms": 1.020150794647634,
        "min_ms": 0.9809680050238967,
        "max_ms": 1.0900030029006302,
        "stdev_ms": 0.03241883028592931
      },
      "open_and_count": {
        "median_ms": 1.7127060273196548,
        "mean_ms": 1.7169200989883393,
        "min_ms": 1.689367985818535,
        "max_ms": 1.7442169482819736,
        "stdev_ms": 0.019355944557439313
      },
      "list_versions": {
        "median_ms": 217.51694253180176,
        "mean_ms": 218.08180690859444,
        "min_ms": 215.4435359989293,
        "max_ms": 222.83918701577932,
        "stdev_ms": 2.0432741658094002
      },
      "append": {
        "median_ms": 8.903932990506291,
        "mean_ms": 8.888010191731155,
        "min_ms": 8.68570600869134,
        "max_ms": 9.018693992402405,
        "stdev_ms": 0.13997112221357239
      },
      "build_seconds": 4.57
    },
    "3000": {
      "manifest_files": 3000,
      "open": {
        "median_ms": 2.320825500646606,
        "mean_ms": 2.3100064019672573,
        "min_ms": 2.2306600003503263,
        "max_ms": 2.3495740024372935,
        "stdev_ms": 0.036981319522209316
      },
      "open_and_count": {
        "median_ms": 4.309317009756342,
        "mean_ms": 4.302132711745799,
        "min_ms": 4.209219012409449,
        "max_ms": 4.390040994621813,
        "stdev_ms": 0.04866542345866862
      },
      "list_versions": {
        "median_ms": 2218.692993017612,
        "mean_ms": 2221.729196299566,
        "min_ms": 2188.570594007615,
        "max_ms": 2250.560558983125,
        "stdev_ms": 23.14555132581086
      },
      "append": {
        "median_ms": 23.794148000888526,
        "mean_ms": 23.791604791767895,
        "min_ms": 23.575294006150216,
        "max_ms": 23.94031797302887,
        "stdev_ms": 0.1378799143981543
      },
      "build_seconds": 37.05
    }
  }
}