{
  "pylance_version": "4.0.1",
  "n_rows": 1000000,
  "results": {
    "v2.0": {
      "write_seconds": 0.51,
      "size_mb": 550.0,
      "full_scan": {
        "median_ms": 88.27536401804537,
        "mean_ms": 98.34823460550979,
        "min_ms": 84.91971896728501,
        "max_ms": 141.4769760449417,
        "stdev_ms": 24.212325133615874
      },
      "col_scan_score": {
        "median_ms": 5.40167698636651,
        "mean_ms": 5.594645615201443,
        "min_ms": 5.333873035851866,
        "max_ms": 6.273579027038068,
        "stdev_ms": 0.3970438389025474
      },
      "point_query": {
        "median_ms": 13.6731659877114,
        "mean_ms": 14.020387607160956,
        "min_ms": 12.89799902588129,
        "max_ms": 15.316587989218533,
        "stdev_ms": 1.1023757881291079
      },
      "range_query": {
        "median_ms": 10.29122096952051,
        "mean_ms": 10.400693991687149,
        "min_ms": 9.69590398017317,
        "max_ms": 10.98170899786055,
        "stdev_ms": 0.525828488462871
      }
    },
    "v2.1": {
      "write_seconds": 0.537,
      "size_mb": 538.01,
      "full_scan": {
        "median_ms": 215.7256979844533,
        "mean_ms": 214.39190360251814,
        "min_ms": 208.27297400683165,
        "max_ms": 221.35649801930413,
        "stdev_ms": 5.470378591391418
      },
      "col_scan_score": {
        "median_ms": 6.014566984958947,
        "mean_ms": 6.025616999249905,
        "min_ms": 5.864472012035549,
        "max_ms": 6.237147026695311,
        "stdev_ms": 0.13887092699850412
      },
      "point_query": {
        "median_ms": 12.760642974171788,
        "mean_ms": 12.741490395274013,
        "min_ms": 12.52643798943609,
        "max_ms": 12.87944003706798,
        "stdev_ms": 0.14038031395913605
      },
      "range_query": {
        "median_ms": 11.141083959955722,
        "mean_ms": 11.247018200810999,
        "min_ms": 10.923338995780796,
        "max_ms": 11.836028017569333,
        "stdev_ms": 0.3542762193132244
      }
    }
  }
}